"@timestamp per 30 days",Archives,"Archive Size"
"2008-10-08",era,"12,553,409,047,981.00"
"2008-11-07",era,"160,169,027,141.00"
"2008-12-07",era,"2,974,717,619,293.00"
"2009-01-06",era,"8,926,494,603,591.00"
"2009-02-05",era,"260,397,053,308.00"
"2009-02-05",g1k,"943,817,485,619.00"
"2009-03-07",era,"2,363,166,198,843.00"
"2009-04-06",era,"884,686,117,829.00"
"2009-04-06",g1k,"210,502.00"
"2009-05-06",era,"9,685,564,710,768.00"
"2009-05-06",g1k,"377,653,094,037.00"
"2009-06-05",era,"1,326,274,774,533.00"
"2009-06-05",g1k,"3,836,134,905.00"
"2009-07-05",era,"8,863,635,558.00"
"2009-07-05",g1k,"3,224,556,653.00"
"2009-08-04",era,"7,760,779,092,742.00"
"2009-08-04",g1k,"10,337,423,301,383.00"
"2009-09-03",era,"1,802,301,932,611.00"
"2009-09-03",g1k,"5,897,788,231,903.00"
"2009-10-03",era,"1,982,299,034,285.00"
"2009-10-03",g1k,"1,416,486,984,598.00"
"2009-11-02",era,"1,252,513,186,338.00"
"2009-11-02",g1k,"790,494,349,006.00"
"2009-12-02",era,"8,636,668,788,147.00"
"2009-12-02",g1k,"521,882,240,737.00"
"2010-01-01",era,"6,688,032,752,535.00"
"2010-01-01",g1k,"1,264,773,207,114.00"
"2010-01-31",era,"7,038,437,352,595.00"
"2010-01-31",g1k,"1,740,753,458,996.00"
"2010-03-02",era,"4,875,191,543,478.00"
"2010-03-02",g1k,"137,561,902,442.00"
"2010-04-01",era,"4,045,535,185,900.00"
"2010-04-01",g1k,"750,907,192,364.00"
"2010-05-01",era,"7,123,909,714,102.00"
"2010-05-01",g1k,"1,963,283,768,735.00"
"2010-05-31",era,"17,370,326,785,188.00"
"2010-05-31",g1k,"971,307,433,783.00"
"2010-06-30",ega,"79,889,438.00"
"2010-06-30",era,"5,286,653,258,795.00"
"2010-06-30",g1k,"659,645,160,722.00"
"2010-07-30",ega,"2,838,948,211,719.00"
"2010-07-30",era,"23,169,996,967,288.00"
"2010-07-30",g1k,"5,398,811,608,796.00"
"2010-08-29",ega,"722,196,709,304.00"
"2010-08-29",era,"29,127,939,252,427.00"
"2010-08-29",g1k,"2,992,091,743,002.00"
"2010-09-28",ega,"1,615,525,661,741.00"
"2010-09-28",era,"9,537,559,567,289.00"
"2010-09-28",g1k,"2,514,443,816,268.00"
"2010-10-28",ega,"1,055,921,583,874.00"
"2010-10-28",era,"9,659,282,060,747.00"
"2010-10-28",g1k,"3,611,848,757,977.00"
"2010-11-27",ega,"1,193,267,480,137.00"
"2010-11-27",era,"5,423,914,317,611.00"
"2010-11-27",g1k,"1,466,174,426,903.00"
"2010-12-27",ega,"937,016,447,117.00"
"2010-12-27",era,"12,470,937,143,700.00"
"2010-12-27",g1k,"1,711,832,477,304.00"
"2011-01-26",ega,"741,839,751,546.00"
"2011-01-26",era,"15,028,140,942,836.00"
"2011-01-26",g1k,"7,171,641,704,583.00"
"2011-02-25",ega,"505,715,087,978.00"
"2011-02-25",era,"8,601,322,676,783.00"
"2011-02-25",g1k,"5,362,874,453,994.00"
"2011-03-27",ega,"10,601,451,979,383.00"
"2011-03-27",era,"16,130,135,612,272.00"
"2011-03-27",g1k,"3,634,097,613,483.00"
"2011-04-26",ega,"9,094,671,888,426.00"
"2011-04-26",era,"15,788,163,379,408.00"
"2011-04-26",g1k,"2,942,129,585,076.00"
"2011-05-26",era,"7,501,155,685,944.00"
"2011-05-26",g1k,"519,478,836,814.00"
"2011-06-25",ega,"8,033,225,880,534.00"
"2011-06-25",era,"8,597,654,825,193.00"
"2011-06-25",g1k,"1,385,993,089,564.00"
"2011-07-25",ega,"12,261,580,757,153.00"
"2011-07-25",era,"9,852,831,655,294.00"
"2011-07-25",g1k,"958,000,839,040.00"
"2011-08-24",ega,"6,896,791,209,677.00"
"2011-08-24",era,"12,805,140,791,094.00"
"2011-08-24",g1k,"3,212,683,228,174.00"
"2011-09-23",ega,"222,294,490,570.00"
"2011-09-23",era,"40,350,944,409,508.00"
"2011-09-23",g1k,"2,365,529,539,247.00"
"2011-10-23",ega,"6,539,009,206,827.00"
"2011-10-23",era,"28,248,103,262,889.00"
"2011-10-23",g1k,"6,355,740,088,517.00"
"2011-11-22",ega,"2,233,437,829.00"
"2011-11-22",era,"24,991,835,594,248.00"
"2011-11-22",g1k,"100,856,917,630,186.00"
"2011-12-22",ega,"25,348,649,668,910.00"
"2011-12-22",era,"29,315,257,386,733.00"
"2011-12-22",g1k,"9,897,609,808,836.00"
"2012-01-21",ega,"52,750,547,052,109.00"
"2012-01-21",era,"22,605,245,691,096.00"
"2012-01-21",g1k,"6,951,559,342,884.00"
"2012-02-20",ega,"33,691,224,913,457.00"
"2012-02-20",era,"5,563,314,702,717.00"
"2012-02-20",g1k,"28,198,164,227,714.00"
"2012-03-21",ega,"4,779,006,285,097.00"
"2012-03-21",era,"20,043,882,408,457.00"
"2012-03-21",g1k,"1,200,308,488,914.00"
"2012-04-20",ega,"29,553,277,360,502.00"
"2012-04-20",era,"32,046,502,399,817.00"
"2012-04-20",g1k,"3,147,891,223,316.00"
"2012-05-20",ega,"90,393,425,281,675.00"
"2012-05-20",era,"35,077,272,423,941.00"
"2012-05-20",g1k,"3,829,697,006,857.00"
"2012-06-19",ega,"89,415,461,061,574.00"
"2012-06-19",era,"15,941,404,488,285.00"
"2012-06-19",g1k,"88,249,126,109.00"
"2012-07-19",ega,"24,440,517,938,999.00"
"2012-07-19",era,"40,636,866,226,701.00"
"2012-07-19",g1k,"38,796,920,171,619.00"
"2012-08-18",ega,"18,958,241,937,629.00"
"2012-08-18",era,"99,148,144,013,355.00"
"2012-08-18",g1k,"491,158,145,868.00"
"2012-09-17",ega,"135,373,541,787.00"
"2012-09-17",era,"135,445,776,480,392.00"
"2012-09-17",g1k,"771,599,610,337.00"
"2012-10-17",ega,"2,982,348,627,232.00"
"2012-10-17",era,"168,249,812,004,551.00"
"2012-10-17",g1k,"22,367,233,351,314.00"
"2012-11-16",ega,"46,206,712,404,035.00"
"2012-11-16",era,"47,347,878,466,942.00"
"2012-11-16",g1k,"62,041,862,137,423.00"
"2012-12-16",ega,"41,338,307,918,317.00"
"2012-12-16",era,"43,205,485,268,302.00"
"2012-12-16",g1k,"3,528,766,866,012.00"
"2013-01-15",ega,"56,869,148,468,437.00"
"2013-01-15",era,"47,344,268,464,483.00"
"2013-01-15",g1k,"17,484,479,681,655.00"
"2013-02-14",ega,"13,785,596,886,646.00"
"2013-02-14",era,"65,342,323,837,363.00"
"2013-02-14",g1k,"21,755,253,701,458.00"
"2013-03-16",ega,"19,830,209,690,838.00"
"2013-03-16",era,"88,621,903,606,966.00"
"2013-03-16",g1k,"23,683,147,393,691.00"
"2013-04-15",ega,"38,578,082,341,487.00"
"2013-04-15",era,"60,505,189,887,310.00"
"2013-04-15",g1k,"59,229,424,038,971.00"
"2013-05-15",ega,"16,705,281,576,752.00"
"2013-05-15",era,"72,418,169,725,973.00"
"2013-05-15",g1k,"20,692,109,500,221.00"
"2013-06-14",ega,"58,318,013,216,865.00"
"2013-06-14",era,"74,594,234,347,928.00"
"2013-06-14",g1k,"119,880,032,945,106.00"
"2013-06-14",hipsci,"186.00"
"2013-07-14",ega,"16,095,847,248,320.00"
"2013-07-14",era,"85,477,287,941,084.00"
"2013-07-14",g1k,"75,220,891,884,225.00"
"2013-08-13",ega,"17,240,868,433,944.00"
"2013-08-13",era,"90,304,180,437,351.00"
"2013-08-13",g1k,"33,184,987,911,134.00"
"2013-09-12",ega,"33,312,196,312,844.00"
"2013-09-12",era,"45,309,706,031,497.00"
"2013-09-12",g1k,"1,850,417,112,684.00"
"2013-10-12",ega,"59,374,993,552,788.00"
"2013-10-12",era,"23,739,019,709,623.00"
"2013-10-12",g1k,"45,131,406,385.00"
"2013-11-11",ega,"177,625,688,299,309.00"
"2013-11-11",era,"60,914,813,330,345.00"
"2013-11-11",g1k,"384,044,398,533.00"
"2013-12-11",ega,"126,162,952,252,819.00"
"2013-12-11",era,"24,013,832,137,525.00"
"2013-12-11",g1k,"6,724,890,447,728.00"
"2014-01-10",ega,"142,763,454,504,675.00"
"2014-01-10",era,"218,248,109,918,225.00"
"2014-01-10",g1k,"4,224,073,149,568.00"
"2014-02-09",ega,"93,710,917,946,716.00"
"2014-02-09",era,"81,360,251,513,844.00"
"2014-02-09",g1k,"4,283,779,632,772.00"
"2014-03-11",ega,"84,073,536,498,303.00"
"2014-03-11",era,"92,960,642,656,160.00"
"2014-03-11",g1k,"465,041,244,770.00"
"2014-04-10",ega,"112,648,296,833,557.00"
"2014-04-10",era,"160,540,295,885,890.00"
"2014-04-10",g1k,"1,157,751,958,959.00"
"2014-05-10",ega,"66,911,307,793,766.00"
"2014-05-10",era,"104,432,107,838,788.00"
"2014-05-10",g1k,"524,869,006,103.00"
"2014-05-10",hipsci,"648,748,613,179.00"
"2014-06-09",ega,"28,472,112,655,461.00"
"2014-06-09",era,"112,113,918,684,580.00"
"2014-06-09",g1k,"395,269,486,302.00"
"2014-06-09",hipsci,"98,449,954.00"
"2014-07-09",ega,"65,745,093,008,839.00"
"2014-07-09",era,"61,302,434,324,774.00"
"2014-07-09",g1k,"187,345,467,715.00"
"2014-07-09",hipsci,"403,621.00"
"2014-08-08",ega,"118,894,629,732,207.00"
"2014-08-08",era,"197,521,103,592,414.00"
"2014-08-08",g1k,"113,537,166,066.00"
"2014-08-08",hipsci,"3,692,391.00"
"2014-09-07",ega,"176,570,078,232,684.00"
"2014-09-07",era,"111,103,782,063,889.00"
"2014-09-07",g1k,"315,760,097,652.00"
"2014-09-07",hipsci,"8,894,873.00"
"2014-10-07",ega,"65,617,821,111,631.00"
"2014-10-07",era,"36,515,065,123,887.00"
"2014-10-07",g1k,"1,344,294,971,751.00"
"2014-11-06",ega,"62,981,417,065,622.00"
"2014-11-06",era,"160,345,907,891,451.00"
"2014-11-06",g1k,"28,025,467,376.00"
"2014-12-06",ega,"56,116,060,407,371.00"
"2014-12-06",era,"229,234,817,543,348.00"
"2014-12-06",g1k,"32,745,403,926.00"
"2015-01-05",ega,"121,972,308,709,016.00"
"2015-01-05",era,"78,381,039,722,256.00"
"2015-01-05",g1k,"2,715,166,908.00"
"2015-02-04",ega,"90,770,034,374,156.00"
"2015-02-04",era,"94,435,644,201,798.00"
"2015-02-04",g1k,"64,357,024,030.00"
"2015-03-06",ega,"43,664,098,150,097.00"
"2015-03-06",era,"207,477,877,508,823.00"
"2015-03-06",g1k,"16,931,108,236.00"
"2015-04-05",ega,"116,535,034,771,001.00"
"2015-04-05",era,"185,060,078,329,926.00"
"2015-04-05",g1k,"8,451,845,975.00"
"2015-04-05",hipsci,"2,892,133,334,268.00"
"2015-05-05",ega,"81,492,600,458,227.00"
"2015-05-05",era,"117,057,699,011,569.00"
"2015-05-05",g1k,"6,764,756,260,712.00"
"2015-05-05",hipsci,"498,444,191,930.00"
"2015-06-04",ega,"60,761,003,870,595.00"
"2015-06-04",era,"230,917,123,814,067.00"
"2015-06-04",g1k,"39,848,488,021,211.00"
"2015-07-04",ega,"17,660,684,537,863.00"
"2015-07-04",era,"321,072,318,534,684.00"
"2015-07-04",g1k,"25,979,941,020,427.00"
"2015-08-03",ega,"92,515,573,819,460.00"
"2015-08-03",era,"364,028,374,690,308.00"
"2015-08-03",g1k,"69,603,919,714,588.00"
"2015-08-03",hipsci,"704,135,451.00"
"2015-09-02",ega,"172,074,238,065,200.00"
"2015-09-02",era,"184,294,227,915,555.00"
"2015-09-02",faang,"323.00"
"2015-09-02",g1k,"33,974,360,835,766.00"
"2015-09-02",hipsci,"2,693,710,023.00"
"2015-10-02",ega,"140,010,755,894,319.00"
"2015-10-02",era,"252,148,005,574,879.00"
"2015-10-02",g1k,"22,350,070,106,253.00"
"2015-10-02",hipsci,"29,861,057,484.00"
"2015-11-01",ega,"93,803,111,779,732.00"
"2015-11-01",era,"245,696,462,924,872.00"
"2015-11-01",g1k,"9,439,753,994,349.00"
"2015-11-01",hipsci,"12,617,917,659,986.00"
"2015-12-01",ega,"64,281,355,068,594.00"
"2015-12-01",era,"211,416,735,399,458.00"
"2015-12-01",g1k,"1,278,358,481,708.00"
"2015-12-01",hipsci,"1,682,032.00"
"2015-12-31",ega,"87,182,208,381,173.00"
"2015-12-31",era,"254,236,055,562,862.00"
"2015-12-31",faang,"464,694,883,117.00"
"2015-12-31",g1k,"625,185,061,095.00"
"2015-12-31",hipsci,"16,399,115.00"
"2016-01-30",ega,"104,686,692,676,796.00"
"2016-01-30",era,"154,275,727,004,808.00"
"2016-01-30",g1k,"843,681,660,155.00"
"2016-01-30",hipsci,"10,173,805.00"
"2016-02-29",ega,"156,067,764,067,545.00"
"2016-02-29",era,"192,947,702,365,825.00"
"2016-02-29",faang,"207,563.00"
"2016-02-29",g1k,"44,186,000,108.00"
"2016-02-29",hipsci,"53,136,575.00"
"2016-03-30",ega,"258,638,519,889,242.00"
"2016-03-30",era,"276,359,121,689,001.00"
"2016-03-30",faang,"136,179.00"
"2016-03-30",g1k,"892,648,948.00"
"2016-03-30",hipsci,"1,840,423,209.00"
"2016-04-29",ega,"325,279,129,311,877.00"
"2016-04-29",era,"271,695,773,427,810.00"
"2016-04-29",faang,"3,568,708.00"
"2016-04-29",g1k,"1,302,107,223,255.00"
"2016-05-29",ega,"91,073,477,707,087.00"
"2016-05-29",era,"263,659,034,760,130.00"
"2016-05-29",g1k,"3,068,546,765,009.00"
"2016-05-29",hipsci,"63,236,578.00"
"2016-06-28",ega,"123,932,149,057,233.00"
"2016-06-28",era,"172,509,873,424,746.00"
"2016-06-28",faang,"82,806.00"
"2016-06-28",g1k,"1,327,466,864,938.00"
"2016-06-28",hipsci,"11,647,566.00"
"2016-07-28",ega,"62,399,702,354,551.00"
"2016-07-28",era,"67,892,239,265,836.00"
"2016-07-28",faang,"9,133,726.00"
"2016-07-28",g1k,"1,544,335,796,777.00"
"2016-07-28",hipsci,"25,759,812.00"
"2016-08-27",ega,"113,111,220,748,408.00"
"2016-08-27",era,"88,477,936,763,686.00"
"2016-08-27",faang,"9,959.00"
"2016-08-27",g1k,"2,299,880,689,176.00"
"2016-08-27",hipsci,"18,109,936,594.00"
"2016-09-26",ega,"164,613,626,508,532.00"
"2016-09-26",era,"135,395,036,535,050.00"
"2016-09-26",faang,"1,778,580.00"
"2016-09-26",g1k,"802,235,373,643.00"
"2016-09-26",hipsci,"42,402,319.00"
"2016-10-26",ega,"170,755,504,452,292.00"
"2016-10-26",era,"190,725,565,499,408.00"
"2016-10-26",faang,"6,383,814.00"
"2016-10-26",g1k,"1,136,125,275,647.00"
"2016-10-26",hipsci,"1,471,128,977.00"
"2016-11-25",ega,"44,062,999,924,276.00"
"2016-11-25",era,"260,076,015,726,815.00"
"2016-11-25",faang,"2,045,970.00"
"2016-11-25",g1k,"3,417,787,823,437.00"
"2016-11-25",hipsci,"90,002,277.00"
"2016-12-25",ega,"185,728,790,444,022.00"
"2016-12-25",era,"153,540,550,498,666.00"
"2016-12-25",faang,"23,292.00"
"2016-12-25",g1k,"1,887,376,799.00"
"2016-12-25",hipsci,"57,947,134.00"
"2017-01-24",ega,"161,987,069,413,267.00"
"2017-01-24",era,"312,368,722,563,506.00"
"2017-01-24",g1k,"91,649,684,220.00"
"2017-01-24",hipsci,"21,267,438,528.00"
"2017-02-23",ega,"202,508,224,282,758.00"
"2017-02-23",era,"279,061,169,530,045.00"
"2017-02-23",faang,"654,283.00"
"2017-02-23",g1k,"5,469,816,411.00"
"2017-02-23",hipsci,"54,341,820.00"
"2017-03-25",ega,"157,627,288,182,244.00"
"2017-03-25",era,"239,197,553,812,812.00"
"2017-03-25",faang,"30,752.00"
"2017-03-25",g1k,"275,494,563.00"
"2017-03-25",hipsci,"23,841,546.00"
"2017-04-24",ega,"150,545,094,355,961.00"
"2017-04-24",era,"296,090,235,418,054.00"
"2017-04-24",faang,"215,445.00"
"2017-04-24",g1k,"99,792,793,278.00"
"2017-04-24",hipsci,"1,955,602,805.00"
"2017-05-24",ega,"211,307,232,313,827.00"
"2017-05-24",era,"324,553,235,357,063.00"
"2017-05-24",faang,"7,483,663.00"
"2017-05-24",g1k,"82,200,161.00"
"2017-05-24",hipsci,"28,846,970.00"
"2017-06-23",ega,"91,537,804,386,667.00"
"2017-06-23",era,"145,905,202,073,136.00"
"2017-06-23",g1k,"164,710,494.00"
"2017-06-23",hipsci,"308,825,961.00"
"2017-07-23",ega,"124,148,755,624,146.00"
"2017-07-23",era,"238,240,934,901,523.00"
"2017-07-23",faang,"3,919,812.00"
"2017-07-23",g1k,"468,673,755.00"
"2017-07-23",hipsci,"340,558,085.00"
"2017-08-22",ega,"90,262,985,905,472.00"
"2017-08-22",era,"156,658,262,662,567.00"
"2017-08-22",faang,"414,382.00"
"2017-08-22",g1k,"249,531,631.00"
"2017-08-22",hipsci,"64,530,054.00"
"2017-09-21",ega,"82,678,777,134,336.00"
"2017-09-21",era,"315,694,103,465,103.00"
"2017-09-21",faang,"2,808,208.00"
"2017-09-21",g1k,"152,224,736,523.00"
"2017-09-21",hipsci,"501,505,299.00"
"2017-10-21",ega,"36,253,789,202,260.00"
"2017-10-21",era,"382,767,961,843,198.00"
"2017-10-21",faang,"3,286,053.00"
"2017-11-20",ega,"49,458,095,178,939.00"
"2017-11-20",era,"378,135,293,126,548.00"
"2017-11-20",faang,"3,763,326.00"
"2017-11-20",g1k,"85,198,315,587.00"
"2017-11-20",hipsci,"33,269,265.00"
"2017-12-20",ega,"87,858,160,338,192.00"
"2017-12-20",era,"528,920,183,617,286.00"
"2017-12-20",faang,"4,252,944.00"
"2017-12-20",g1k,"4,160,886,363,989.00"
"2017-12-20",hipsci,"62,242,698.00"
"2018-01-19",ega,"89,770,131,704,035.00"
"2018-01-19",era,"356,545,623,219,663.00"
"2018-01-19",faang,"7,485,681.00"
"2018-01-19",g1k,"82,426,579.00"
"2018-01-19",hipsci,"9,482,010.00"
"2018-02-18",ega,"239,207,969,761,797.00"
"2018-02-18",era,"393,473,115,161,375.06"
"2018-02-18",faang,"54,231,709.00"
"2018-02-18",g1k,"789,753,175,497.00"
"2018-03-20",ega,"120,820,193,089,882.00"
"2018-03-20",era,"348,117,189,137,726.00"
"2018-03-20",faang,"33,261,574.00"
"2018-03-20",g1k,"165,321,348.00"
"2018-04-19",ega,"66,457,974,241,523.00"
"2018-04-19",era,"420,799,072,764,595.06"
"2018-04-19",faang,"67,250,816.00"
"2018-04-19",g1k,"71,305,782,680.00"
"2018-05-19",ega,"113,810,714,546,221.00"
"2018-05-19",era,"389,015,938,259,032.00"
"2018-05-19",faang,"82,613,739.00"
"2018-05-19",g1k,"895,952,606.00"
"2018-05-19",hipsci,"41,846,760.00"
"2018-06-18",ega,"149,371,898,291,288.00"
"2018-06-18",era,"392,337,826,693,604.00"
"2018-06-18",faang,"126,637,665.00"
"2018-06-18",g1k,"276,538,679.00"
"2018-06-18",hipsci,"17,781,238.00"
"2018-06-18",internal,"1,224,090,673,578.00"
"2018-07-18",ega,"108,756,807,693,988.00"
"2018-07-18",era,"301,449,978,771,711.00"
"2018-07-18",faang,"184,039,794.00"
"2018-07-18",internal,"58,075,051,345,746.00"
"2018-08-17",ega,"136,708,803,623,233.00"
"2018-08-17",era,"293,815,337,755,204.00"
"2018-08-17",faang,"97,911,132.00"
"2018-08-17",g1k,"28,689,657,014.00"
"2018-08-17",hipsci,"80,414,160,536.00"
"2018-09-16",ega,"162,826,082,140,233.00"
"2018-09-16",era,"217,235,094,824,745.00"
"2018-09-16",faang,"74,501,487.00"
"2018-09-16",g1k,"171,484,216.00"
"2018-09-16",internal,"22.00"
"2018-10-16",ega,"148,859,538,753,080.00"
"2018-10-16",era,"324,057,407,197,914.00"
"2018-10-16",faang,"51,712,165.00"
"2018-10-16",g1k,"12,710,157,762.00"
"2018-11-15",ega,"713,316,597,418,574.00"
"2018-11-15",era,"236,238,460,010,203.00"
"2018-11-15",faang,"8,112,760.00"
"2018-11-15",g1k,"273,366,487,578.00"
"2018-12-15",ega,"590,882,883,672,416.00"
"2018-12-15",era,"395,410,298,733,292.94"
"2019-01-14",ega,"263,192,279,488,885.00"
"2019-01-14",era,"411,250,528,827,348.00"
"2019-01-14",faang,"2,226,291.00"
"2019-01-14",g1k,"672,520,377.00"
"2019-01-14",hipsci,"4,576,326.00"
"2019-01-14",internal,"2,310,014,536.00"
"2019-02-13",ega,"312,365,570,160,163.00"
"2019-02-13",era,"539,811,408,998,072.94"
"2019-02-13",faang,"8,243,713.00"
"2019-02-13",g1k,"16,940,167,454.00"
"2019-02-13",hipsci,"2,776,014.00"
"2019-02-13",internal,"402,724,844.00"
"2019-03-15",ega,"179,670,409,809,791.00"
"2019-03-15",era,"615,977,185,098,466.00"
"2019-03-15",faang,"148,179.00"
"2019-03-15",g1k,"35,178,834,869,152.00"
"2019-03-15",internal,"9,967,899,770,880.00"
"2019-03-15",internal2,"153,092,096.00"
"2019-04-14",ega,"88,697,470,262,024.00"
"2019-04-14",era,"526,650,041,921,674.00"
"2019-04-14",faang,"819,996.00"
"2019-04-14",g1k,"8,645,892,481,480.00"
"2019-04-14",internal,"1,048,576.00"
"2019-04-14",internal2,"226,492,416.00"
"2019-04-14",internal3,"10,485,760.00"
"2019-04-14",prober,"69.00"
"2019-05-14",ega,"193,930,317,632,008.00"
"2019-05-14",era,"358,682,705,245,878.00"
"2019-05-14",faang,"81,928.00"
"2019-05-14",g1k,"15,167,288,230,179.00"
"2019-05-14",hipsci,"23,821.00"
"2019-05-14",imaging,"85,298,511,993.00"
"2019-05-14",internal,"4,250,048,512.00"
"2019-05-14",internal2,"1,261,436,979.00"
"2019-05-14",internal4,"1,265,631,283.00"
"2019-05-14",prober,"24,646,778,880.00"
"2019-06-13",ega,"178,045,104,656,270.00"
"2019-06-13",era,"766,980,145,957,239.00"
"2019-06-13",faang,"15,346,120.00"
"2019-06-13","fire-team","959,785,374.00"
"2019-06-13",g1k,"344,246,573.00"
"2019-06-13",imaging,"121,656,642,557,854.00"
"2019-06-13",internal,"31,457,280.00"
"2019-06-13",internal4,"15,728,640.00"
"2019-06-13",prober,"4,193,467,526.00"
"2019-07-13",ega,"124,429,415,873,788.00"
"2019-07-13","ena-dcap-archive","7,451,387,997,376.00"
"2019-07-13",era,"417,870,999,499,576.00"
"2019-07-13","fire-team","20,583,177,540.00"
"2019-07-13",g1k,"58,126,796,922.00"
"2019-07-13",imaging,"221,364,696,878,496.00"
"2019-07-13",internal4,"331,877,219,344.00"
"2019-07-13",prober,"2,922,384,744.00"
"2019-08-12",ega,"185,047,250,726,997.00"
"2019-08-12","ena-dcap-archive","3,850,819,045,094.00"
"2019-08-12",era,"400,727,641,834,852.00"
"2019-08-12","fire-team","20,673,590,534.00"
"2019-08-12",g1k,"7,426,688,750,181.00"
"2019-08-12",imaging,"91,502,612,706,813.00"
"2019-08-12",internal4,"5,234,491,392.00"
"2019-08-12",prober,"7,763,705,856.00"
"2019-09-11",ega,"577,645,218,257,617.00"
"2019-09-11","ena-dcap-archive","9,297,635,235,418.00"
"2019-09-11",era,"387,028,041,227,560.94"
"2019-09-11",faang,"2,849,136.00"
"2019-09-11","fire-team","22,463,004,750.00"
"2019-09-11",g1k,"460,895,303,972.00"
"2019-09-11",imaging,"76,823,141,807,775.00"
"2019-09-11",internal,"32.00"
"2019-09-11",internal2,"24.00"
"2019-09-11",internal4,"1,545,733,930.00"
"2019-09-11",prober,"962,630,718.00"
"2019-10-11",ega,"580,727,229,977,904.00"
"2019-10-11",era,"475,562,116,477,791.06"
"2019-10-11",faang,"3,465,294.00"
"2019-10-11","fire-team","3,277,402,498.00"
"2019-10-11",g1k,"11,454,954,787,553.00"
"2019-10-11",imaging,"12,370,073,595,989.00"
"2019-10-11",internal4,"68,541,411,099.00"
"2019-10-11",prober,"1,316,133,480.00"
"2019-11-10",ega,"308,456,319,119,893.00"
"2019-11-10",era,"576,186,348,404,442.00"
"2019-11-10",faang,"472,856.00"
"2019-11-10",g1k,"290,859,180,282.00"
"2019-11-10",imaging,"40,466,926,966,863.00"
"2019-11-10",internal4,"8,589,934,592.00"
"2019-11-10",prober,"1,634,729,984.00"
"2019-12-10",ega,"788,773,127,610,721.88"
"2019-12-10",era,"434,755,330,440,944.94"
"2019-12-10",faang,"308,351.00"
"2019-12-10",g1k,"947,333,720,193.00"
"2019-12-10",imaging,"24,219,141,775,723.00"
"2019-12-10",prober,"226,492,416.00"
"2020-01-09",ega,"826,812,093,983,455.00"
"2020-01-09","ena-dcap-archive","3,971,294,036,701.00"
"2020-01-09",era,"397,115,982,102,252.00"
"2020-01-09",g1k,"5,349,195,718,137.00"
"2020-01-09",imaging,"16,793,193,076,024.00"
"2020-01-09",prober,"720,371,712.00"
"2020-02-08",ear,"20,263,879,645,679.00"
"2020-02-08",ega,"1,368,022,164,605,055.00"
"2020-02-08","ena-dcap-archive","1,099,893,621,657.00"
"2020-02-08",era,"339,013,795,097,620.00"
"2020-02-08",faang,"4,463,624.00"
"2020-02-08",g1k,"11,797,741,762,042.00"
"2020-02-08",imaging,"6,336,376,739,641.00"
"2020-02-08",internal,"20.00"
"2020-02-08",prober,"7,959,740,416.00"
"2020-03-09",ega,"285,205,421,191,962.00"
"2020-03-09",era,"313,729,764,932,570.00"
"2020-03-09",imaging,"26,269,312,699,374.00"
"2020-03-09",prober,"157,286,400.00"
"2020-04-08",ega,"719,379,135,953,827.00"
"2020-04-08","ena-dcap-archive","1,057,876,658,952.00"
"2020-04-08",era,"559,294,245,511,602.00"
"2020-04-08",g1k,"604,410,566,209.00"
"2020-04-08",imaging,"8,875,006,361,160.00"
"2020-04-08",internal,"1,260.00"
"2020-04-08",prober,"314,572,800.00"
"2020-05-08",ega,"518,853,430,241,680.00"
"2020-05-08",era,"557,797,527,110,679.06"
"2020-05-08",faang,"172,592.00"
"2020-05-08",g1k,"9,464,608,649,051.00"
"2020-05-08",imaging,"17,539,632,839,684.00"
"2020-05-08",prober,"104,857,642.00"
"2020-06-07",ega,"411,313,390,109,328.94"
"2020-06-07",era,"1,055,607,813,204,728.00"
"2020-06-07",faang,"170,188,559.00"
"2020-06-07",g1k,"4,747,236,440,657.00"
"2020-06-07",imaging,"38,512,471,347,583.00"
"2020-07-07",ega,"583,407,716,902,446.00"
"2020-07-07",era,"753,177,412,863,897.00"
"2020-07-07",g1k,"1,942,932,873,399.00"
"2020-07-07",imaging,"42,508,257,262,910.00"
"2020-07-07",prober,"209,715,200.00"
"2020-08-06",ega,"852,194,242,071,068.00"
"2020-08-06",era,"1,055,238,450,513,131.00"
"2020-08-06",faang,"998,021.00"
"2020-08-06","fire-team","0.00"
"2020-08-06",g1k,"878,565,924,848.00"
"2020-08-06",imaging,"40,712,054,219,157.00"
"2020-08-06",internal,"0.00"
"2020-08-06",prober,"485,490,688.00"
"2020-09-05",ega,"1,118,259,577,214,247.00"
"2020-09-05",era,"598,811,231,979,443.00"
"2020-09-05",faang,"3,615,032.00"
"2020-09-05",g1k,"2,111,407,357,496.00"
"2020-09-05",imaging,"21,306,387,195,312.00"
"2020-09-05",prober,"702,545,920.00"
"2020-10-05",ega,"790,265,442,522,113.88"
"2020-10-05",era,"752,776,703,389,247.00"
"2020-10-05",g1k,"1,931,278,195,134.00"
"2020-10-05",imaging,"84,244,494,022,560.00"
"2020-10-05",internal,"54.00"
"2020-10-05",prober,"404,750,336.00"
"2020-11-04",ega,"920,508,078,070,868.00"
"2020-11-04",era,"526,308,990,235,432.00"
"2020-11-04",faang,"26,900,294.00"
"2020-11-04",g1k,"19,615,141,483,775.00"
"2020-11-04",imaging,"118,291,347,318,627.00"
"2020-11-04",prober,"542,113,792.00"
"2020-12-04",ega,"796,251,955,094,424.00"
"2020-12-04",era,"449,533,061,336,967.06"
"2020-12-04",faang,"1,344,279.00"
"2020-12-04",g1k,"7,637,770,418.00"
"2020-12-04",imaging,"109,778,083,272,342.00"
"2020-12-04",internal,"2,073.00"
"2020-12-04",prober,"238,047,482.00"
"2021-01-03",ega,"1,044,504,268,862,894.13"
"2021-01-03",era,"1,022,491,293,086,222.13"
"2021-01-03",faang,"7,489,856.00"
"2021-01-03",g1k,"43,586,833,073.00"
"2021-01-03",imaging,"100,725,455,636,833.00"
"2021-01-03",internal,"14,511.00"
"2021-01-03",prober,"1,009,780,761.00"
"2021-02-02",ega,"564,170,090,832,646.00"
"2021-02-02",era,"835,700,159,987,559.00"
"2021-02-02",g1k,"11,921,692,629.00"
"2021-02-02",imaging,"46,777,073,050,291.00"
"2021-02-02",internal,"18,253,642,528.00"
"2021-02-02",prober,"244,318,208.00"
"2021-03-04",ega,"986,414,683,886,981.00"
"2021-03-04",era,"567,249,711,852,300.00"
"2021-03-04",faang,"39,161,279.00"
"2021-03-04","fire-team","29.00"
"2021-03-04",g1k,"21,455,745,810.00"
"2021-03-04",imaging,"58,587,781,962,128.00"
"2021-03-04",prober,"707,788,800.00"
"2021-04-03",ega,"756,760,812,006,033.00"
"2021-04-03",era,"647,036,927,940,830.00"
"2021-04-03",faang,"4,160,643.00"
"2021-04-03",g1k,"2,802,366,631,192.00"
"2021-04-03",imaging,"46,866,391,833,752.00"
"2021-05-03",ega,"524,370,584,026,363.06"
"2021-05-03",era,"747,175,806,998,404.00"
"2021-05-03",faang,"18,226,555.00"
"2021-05-03",g1k,"6,229,781,463,509.00"
"2021-05-03",imaging,"76,340,354,059,596.00"
"2021-06-02",ega,"1,342,193,018,884,563.00"
"2021-06-02",era,"734,154,325,060,949.00"
"2021-06-02",faang,"154,680,456.00"
"2021-06-02",g1k,"720,682,693,249.00"
"2021-06-02",imaging,"65,511,783,816,850.00"
"2021-06-02",prober,"879,755,275.00"
"2021-07-02",ega,"1,053,638,846,601,725.00"
"2021-07-02",era,"639,082,313,985,287.00"
"2021-07-02",faang,"1,957,256.00"
"2021-07-02",g1k,"127,454,269,322.00"
"2021-07-02",imaging,"47,126,611,226,945.00"
"2021-07-02",prober,"209,715,200.00"
"2021-08-01",ega,"970,856,251,978,961.88"
"2021-08-01",era,"362,777,667,385,412.00"
"2021-08-01",faang,"2,428,160.00"
"2021-08-01",g1k,"2,258,735,520,512.00"
"2021-08-01",imaging,"28,905,656,701,568.00"
"2021-08-01",prober,"104,857,600.00"
"2021-08-31",ega,"625,124,513,953,577.00"
"2021-08-31",era,"1,086,482,644,077,313.00"
"2021-08-31",faang,"8,919,734.00"
"2021-08-31",g1k,"2,370,850,582,619.00"
"2021-08-31",imaging,"39,653,262,245,248.00"
"2021-08-31",prober,"407,896,064.00"
"2021-09-30",ega,"288,040,068,397,707.00"
"2021-09-30",era,"997,603,019,320,089.88"
"2021-09-30",faang,"2,300,285.00"
"2021-09-30",g1k,"1,544,506,893,935.00"
"2021-09-30",imaging,"173,947,678,935,339.00"
"2021-09-30",pride,"249,888,929,511,123.00"
"2021-10-30",ega,"261,598,930,981,387.00"
"2021-10-30",era,"772,221,839,396,309.00"
"2021-10-30",faang,"2,386,572.00"
"2021-10-30",g1k,"21,934,481,884,050.00"
"2021-10-30",imaging,"161,322,690,978,208.00"
"2021-10-30",internal,"28,270.00"
"2021-10-30",pride,"367,945,177,407,680.94"
"2021-10-30",prober,"112,197,632.00"
"2021-11-29",ega,"604,089,236,762,994.00"
"2021-11-29",era,"1,058,644,818,107,793.00"
"2021-11-29",faang,"4,197,448.00"
"2021-11-29",g1k,"579,100,634,995.00"
"2021-11-29",imaging,"31,517,791,252,562.00"
"2021-11-29",internal,"0.00"
"2021-11-29",pride,"219,911,142,329,335.00"
"2021-11-29",prober,"209,715,200.00"
"2021-12-29",ega,"156,196,580,491,770.00"
"2021-12-29",era,"652,756,804,502,230.00"
"2021-12-29",faang,"177,625.00"
"2021-12-29",g1k,"998,637,349,665.00"
"2021-12-29",imaging,"115,682,023,428,226.00"
"2022-01-28",ega,"297,284,938,047,536.00"
"2022-01-28",era,"1,127,656,228,246,144.00"
"2022-01-28",faang,"348,470.00"
"2022-01-28",g1k,"489,635,968,372.00"
"2022-01-28",imaging,"68,596,136,531,742.00"
"2022-01-28",pride,"295,138,597.00"
"2022-01-28",prober,"104,857,600.00"
"2022-02-27",biostudies,"11,196,918,127,265.00"
"2022-02-27",ega,"246,300,425,669,412.00"
"2022-02-27",era,"871,836,184,847,871.00"
"2022-02-27",faang,"6,737,650.00"
"2022-02-27",g1k,"18,942,683,503.00"
"2022-02-27",imaging,"106,458,297,070,916.00"
"2022-02-27",internal,"407.00"
"2022-02-27",prober,"430,964,736.00"
"2022-03-29",biostudies,"19,238,984,131,538.00"
"2022-03-29",ega,"77,710,724,804,008.00"
"2022-03-29",era,"1,351,035,937,647,543.00"
"2022-03-29",faang,"246,166.00"
"2022-03-29",g1k,"3,108,577,019,835.00"
"2022-03-29",imaging,"56,190,302,823,912.00"
"2022-03-29",pride,"273,641,058,499,424.00"
"2022-03-29",prober,"209,715,200.00"
"2022-04-28",biostudies,"4,313,405,518,244.00"
"2022-04-28",ega,"108,773,383,111,946.00"
"2022-04-28",era,"972,190,849,068,389.00"
"2022-04-28",g1k,"7,556,228,977.00"
"2022-04-28",imaging,"67,682,337,312,864.00"
"2022-04-28",internal,"407.00"
"2022-04-28",pride,"128,589,653,521,597.00"
"2022-04-28",prober,"209,715,200.00"
"2022-05-28",biostudies,"5,200,170,435,986.00"
"2022-05-28",ega,"235,365,167,795,760.00"
"2022-05-28",era,"663,973,608,824,052.00"
"2022-05-28",faang,"4,620,129.00"
"2022-05-28",g1k,"1,377,876,471,271.00"
"2022-05-28",imaging,"79,496,129,640,682.00"
"2022-05-28",pride,"33,890,967,985,681.00"
"2022-05-28",prober,"104,857,600.00"
"2022-06-27",biostudies,"9,595,858,443,617.00"
"2022-06-27",ega,"461,970,183,340,903.06"
"2022-06-27",era,"1,107,161,993,699,129.00"
"2022-06-27",faang,"2,326,416.00"
"2022-06-27",g1k,"29,769,330,787.00"
"2022-06-27",imaging,"103,598,552,441,879.00"
"2022-06-27",pride,"21,228,294,655,258.00"
"2022-07-27",biostudies,"8,470,837,800,907.00"
"2022-07-27",ega,"576,563,189,567,240.00"
"2022-07-27",era,"652,684,068,573,361.00"
"2022-07-27",faang,"24,646.00"
"2022-07-27",g1k,"25,964,233,343.00"
"2022-07-27",imaging,"69,550,566,193,700.00"
"2022-07-27",pride,"41,273,105,720,758.00"
"2022-07-27",prober,"104,857,625.00"
"2022-08-26",biostudies,"34,949,796,714,419.00"
"2022-08-26",ega,"622,552,237,861,318.00"
"2022-08-26",era,"1,001,977,140,056,176.00"
"2022-08-26",faang,"43,614,238.00"
"2022-08-26",g1k,"5,036,717,486,283.00"
"2022-08-26",imaging,"95,296,981,806,584.00"
"2022-08-26",pride,"17,713,789,498,020.00"
"2022-09-25",biostudies,"10,786,193,233,237.00"
"2022-09-25",ega,"433,927,180,416,400.00"
"2022-09-25",era,"747,540,229,767,213.00"
"2022-09-25",faang,"19,755,818.00"
"2022-09-25",g1k,"579,948,231.00"
"2022-09-25",imaging,"120,908,046,817,429.00"
"2022-09-25",internal,"407.00"
"2022-09-25",pride,"30,756,267,872,959.00"
"2022-09-25",prober,"16,471,342,586.00"
"2022-10-25",biostudies,"7,481,312,180,018.00"
"2022-10-25",ega,"579,742,224,599,017.00"
"2022-10-25",era,"988,750,874,609,459.00"
"2022-10-25",faang,"2,423,728.00"
"2022-10-25",g1k,"1,172,443,001,577.00"
"2022-10-25",imaging,"136,131,041,906,183.00"
"2022-10-25",internal,"21.00"
"2022-10-25",pride,"21,957,460,250,968.00"
"2022-11-24",biostudies,"32,453,158,921,639.00"
"2022-11-24",ega,"217,555,722,690,560.00"
"2022-11-24",era,"1,073,558,532,915,200.00"
"2022-11-24",faang,"5,410,438.00"
"2022-11-24",g1k,"4,601,279,481.00"
"2022-11-24",imaging,"204,216,275,657,951.00"
"2022-11-24",internal,"42.00"
"2022-11-24",pride,"18,399,248,012,288.00"
"2022-12-24",biostudies,"889,323,962,449.00"
"2022-12-24",ega,"178,566,421,721,088.00"
"2022-12-24",era,"1,054,818,699,051,008.00"
"2022-12-24",faang,"696,981.00"
"2022-12-24",imaging,"114,496,747,970,560.00"
"2022-12-24","it-mwhm","273.00"
"2022-12-24",pride,"12,886,001,213,952.00"
"2023-01-23",biostudies,"3,417,464,278,696.00"
"2023-01-23",ega,"155,319,551,952,640.00"
"2023-01-23",era,"698,822,911,328,256.00"
"2023-01-23",imaging,"377,885,937,631,232.00"
"2023-01-23","it-fump","19.00"
"2023-01-23","it-kchw","314.00"
"2023-01-23","it-qjjx","19.00"
"2023-01-23","it-suze","19.00"
"2023-01-23",pride,"22,641,571,391,488.00"
"2023-02-22",biostudies,"8,295,426,953,234.00"
"2023-02-22",ega,"185,038,428,700,672.00"
"2023-02-22",era,"1,339,831,839,424,512.00"
"2023-02-22",g1k,"1,028,192,413,244.00"
"2023-02-22",imaging,"166,546,011,127,808.00"
"2023-02-22",pride,"51,429,607,944,832.00"
"2023-02-22",prober,"33.00"
"2023-03-24",biostudies,"14,369,456,745,209.00"
"2023-03-24",ega,"184,326,338,712,576.00"
"2023-03-24",era,"1,414,756,722,278,400.00"
"2023-03-24",imaging,"99,428,979,663,872.00"
"2023-03-24",pride,"14,419,088,679,936.00"
"2023-04-23",biostudies,"38,081,220,479,232.00"
"2023-04-23",ega,"185,730,163,504,640.00"
"2023-04-23",era,"876,225,484,029,952.00"
"2023-04-23",g1k,"1,860,248,467,985.00"
"2023-04-23",imaging,"117,285,077,434,368.00"
"2023-04-23",pride,"30,606,899,209,728.00"
"2023-04-23",prober,"88,080,384.00"
"2023-05-23",biostudies,"16,192,160,650,918.00"
"2023-05-23",ega,"286,477,479,378,944.00"
"2023-05-23",era,"2,461,481,925,476,352.00"
"2023-05-23",g1k,"4,420,811,325,455.00"
"2023-05-23",imaging,"44,528,609,792,593.00"
"2023-05-23","it-pmus","118.00"
"2023-05-23",pride,"19,177,910,695,936.00"
"2023-06-22",biostudies,"4,307,956,486,226.00"
"2023-06-22",ega,"151,702,661,337,088.00"
"2023-06-22",era,"2,390,818,365,112,320.00"
"2023-06-22",g1k,"1,511,841,196,032.00"
"2023-06-22",imaging,"248,686,635,122,688.00"
"2023-06-22","it-gsbp","19.00"
"2023-06-22","it-irff","19.00"
"2023-06-22","it-iwvl","391.00"
"2023-06-22","it-qrdw","19.00"
"2023-06-22","it-vczo","19.00"
"2023-06-22","it-xrya","391.00"
"2023-06-22",pride,"33,695,520,718,336.00"
"2023-07-22",biostudies,"33,962,177,439,031.00"
"2023-07-22",ega,"142,217,831,602,176.00"
"2023-07-22",era,"1,192,102,376,538,112.00"
"2023-07-22",g1k,"12,760,289,205,179.00"
"2023-07-22",imaging,"150,005,666,763,776.00"
"2023-07-22",internal,"0.00"
"2023-07-22","it-mxzx","38.00"
"2023-07-22","it-oxxc","38.00"
"2023-07-22","it-rgnc","38.00"
"2023-07-22",pride,"14,973,456,012,096.00"
"2023-07-22",prober,"191,520.00"
"2023-08-21",biostudies,"76,512,009,912,320.00"
"2023-08-21",ega,"158,699,822,432,256.00"
"2023-08-21",era,"970,224,260,349,952.00"
"2023-08-21",g1k,"1,484,969,303,184.00"
"2023-08-21",imaging,"126,490,504,407,400.00"
"2023-08-21","it-objg","38.00"
"2023-08-21",pride,"35,004,700,258,304.00"
"2023-09-20",biostudies,"21,416,314,503,020.00"
"2023-09-20",ega,"134,974,897,114,584.00"
"2023-09-20",era,"924,209,346,510,848.00"
"2023-09-20",g1k,"127,506,648,455.00"
"2023-09-20",imaging,"187,591,183,530,412.00"
"2023-09-20","it-suze","0.00"
"2023-09-20",pride,"24,003,572,219,904.00"
"2023-09-20","stress-test-hl","1,951,576,096,768.00"
"2023-09-20","stress-test-prod-hx","1,553,733,779,456.00"
"2023-10-20","KqxbFbA-mkr","19.00"
"2023-10-20",biostudies,"20,169,064,028,686.00"
"2023-10-20",ega,"112,480,396,216,000.00"
"2023-10-20",era,"994,813,229,924,352.00"
"2023-10-20",g1k,"1,226,699,720,176.00"
"2023-10-20",imaging,"78,502,379,806,720.00"
"2023-10-20",pride,"40,851,920,159,488.00"
"2023-10-20","stress-test-hl","1,737,754,673,152.00"
"2023-11-19",biostudies,"53,862,502,748,221.00"
"2023-11-19",ega,"80,297,925,311,488.00"
"2023-11-19",era,"683,027,977,142,272.00"
"2023-11-19",g1k,"3,522,057,131,291.00"
"2023-11-19",imaging,"66,772,134,494,208.00"
"2023-11-19",internal,"5,242,880.00"
"2023-11-19",pride,"36,086,456,687,428.00"
"2023-11-19",prober,"5,242,880.00"
"2023-12-19",biostudies,"115,900,979,850,861.00"
"2023-12-19",ega,"89,978,144,030,720.00"
"2023-12-19",era,"687,366,338,510,848.00"
"2023-12-19",g1k,"1,332,106,362,880.00"
"2023-12-19",imaging,"33,553,114,005,504.00"
"2023-12-19",pride,"35,439,686,489,088.00"
"2024-01-18",biostudies,"22,701,191,635,998.00"
"2024-01-18",ega,"149,859,921,575,936.00"
"2024-01-18",era,"923,670,650,814,464.00"
"2024-01-18",g1k,"4,570,151,307,064.00"
"2024-01-18",imaging,"112,758,067,036,160.00"
"2024-01-18",pride,"44,367,935,991,808.00"
"2024-02-17",biostudies,"38,434,650,354,824.00"
"2024-02-17",ega,"95,190,474,644,896.00"
"2024-02-17",era,"828,593,338,712,064.00"
"2024-02-17",g1k,"25,487,394,876.00"
"2024-02-17",imaging,"95,891,427,852,288.00"
"2024-02-17",internal,"21.00"
"2024-02-17",internal2,"0.00"
"2024-02-17",internal3,"0.00"
"2024-02-17",pride,"25,213,094,635,520.00"
"2024-03-18",biostudies,"49,449,008,090,467.00"
"2024-03-18",ega,"59,805,948,116,992.00"
"2024-03-18",era,"1,028,374,519,808,000.00"
"2024-03-18",g1k,"118,946,516,618.00"
"2024-03-18",imaging,"246,453,329,723,392.00"
"2024-03-18",pride,"26,281,463,977,984.00"
"2024-04-17",biostudies,"83,268,814,369,255.00"
"2024-04-17",ega,"127,030,391,135,232.00"
"2024-04-17",era,"857,316,274,470,912.00"
"2024-04-17",g1k,"5,652,732,444,672.00"
"2024-04-17",imaging,"54,870,246,929,209.00"
"2024-04-17",internal,"2,736,783,360.00"
"2024-04-17",pride,"20,814,103,543,808.00"
"2024-05-17",biostudies,"46,954,468,209,077.00"
"2024-05-17",ega,"96,669,618,032,640.00"
"2024-05-17",era,"1,760,258,973,761,536.00"
"2024-05-17",g1k,"122,254,696,960.00"
"2024-05-17",imaging,"103,087,452,049,466.00"
"2024-05-17",internal,"0.00"
"2024-05-17",internal4,"0.00"
"2024-05-17",pride,"39,478,304,418,624.00"
"2024-06-16",biostudies,"9,396,574,397,827.00"
"2024-06-16",ega,"15,162,692,044,672.00"
"2024-06-16",era,"1,513,955,529,850,880.00"
"2024-06-16",g1k,"296,522.00"
"2024-06-16",imaging,"265,739,691,928,314.00"
"2024-06-16",pride,"36,252,962,125,824.00"
